{
  "LG": 1502.7892641473502,
  "KT": 1569.4713886138622,
  "SSG": 1544.5847878140821,
  "KIA": 1446.351488554679,
  "삼성": 1535.5582149955146,
  "롯데": 1443.4234367976892,
  "NC": 1536.6630309814386,
  "두산": 1438.3900955898002,
  "한화": 1505.788378016137,
  "Heroes": 1476.9799144894469
}