{
  "LG": 1491.3765484060882,
  "KT": 1540.7243692100253,
  "SSG": 1502.5809107298282,
  "KIA": 1484.7206526433404,
  "삼성": 1507.7362039060479,
  "롯데": 1489.9137545260648,
  "NC": 1512.5098811865269,
  "두산": 1489.8401603813604,
  "한화": 1484.5871619583588,
  "Heroes": 1496.010357052359
}