{
  "LG": 1533.3580940100442,
  "KT": 1535.6509048010926,
  "SSG": 1512.9041724330411,
  "KIA": 1483.6752166274523,
  "삼성": 1521.4193357265015,
  "롯데": 1477.208159885127,
  "NC": 1514.4053128780924,
  "두산": 1465.5606678885877,
  "한화": 1506.3034020147675,
  "Heroes": 1449.5147337352937
}