{
  "LG": 1481.8230249744825,
  "KT": 1548.0845715137407,
  "SSG": 1560.9425686664247,
  "KIA": 1445.8293229836102,
  "삼성": 1526.7246212515063,
  "롯데": 1460.3365055916283,
  "NC": 1569.5232479299434,
  "두산": 1425.4144718870018,
  "한화": 1511.4760457422421,
  "Heroes": 1469.84561945942
}