{
  "LG": 1483.531951227224,
  "KT": 1570.3706316451494,
  "SSG": 1529.7882537968405,
  "KIA": 1472.0211103100828,
  "삼성": 1504.4385611200976,
  "롯데": 1491.4908204612125,
  "NC": 1543.3314606034708,
  "두산": 1460.7391578152192,
  "한화": 1476.1513598140248,
  "Heroes": 1468.1366932066785
}