{
  "LG": 1469.7563299027931,
  "KT": 1561.4928462881755,
  "SSG": 1555.6058949532294,
  "KIA": 1460.5621611522224,
  "삼성": 1513.3163464770714,
  "롯데": 1465.6731793048236,
  "NC": 1554.7904097613311,
  "두산": 1442.7112747908225,
  "한화": 1494.1792428384215,
  "Heroes": 1481.9123145311094
}