{
  "LG": 1543.5253832984922,
  "KT": 1544.328009685546,
  "SSG": 1497.7699665760838,
  "KIA": 1471.831546430818,
  "삼성": 1531.9767070203302,
  "롯데": 1470.7404138047539,
  "NC": 1503.3300389505564,
  "두산": 1454.0873235470478,
  "한화": 1523.301522232921,
  "Heroes": 1459.1090884534508
}