{
  "LG": 1515.663613467882,
  "KT": 1580.1864380191907,
  "SSG": 1525.455121791314,
  "KIA": 1430.296262562374,
  "삼성": 1551.6134409878196,
  "롯데": 1432.7083873923607,
  "NC": 1523.7886816609068,
  "두산": 1425.494394097678,
  "한화": 1524.918044038905,
  "Heroes": 1489.8756159815691
}