{
  "LG": 1488.8761231372644,
  "KT": 1557.6758881370824,
  "SSG": 1566.060136983584,
  "KIA": 1464.776398922029,
  "삼성": 1517.1333046281645,
  "롯데": 1455.218937274469,
  "NC": 1550.5761719915245,
  "두산": 1452.577488782609,
  "한화": 1484.313028846635,
  "Heroes": 1462.7925212966381
}