{
  "LG": 1531.393161119781,
  "KT": 1546.155697162607,
  "SSG": 1530.1037238044853,
  "KIA": 1471.8142445630756,
  "삼성": 1530.149019543269,
  "롯데": 1438.4066565763524,
  "NC": 1503.3473408182988,
  "두산": 1462.0588450700907,
  "한화": 1515.330000709878,
  "Heroes": 1471.241310632162
}