{
  "LG": 1523.1827383541788,
  "KT": 1554.2349526949238,
  "SSG": 1518.1126115203972,
  "KIA": 1462.872514353917,
  "삼성": 1519.0371891962766,
  "롯데": 1458.6598727166277,
  "NC": 1516.26955677461,
  "두산": 1444.18038053767,
  "한화": 1532.2605543098218,
  "Heroes": 1471.189629541577
}