{
  "LG": 1548.9770646246475,
  "KT": 1554.238471528227,
  "SSG": 1504.478789593813,
  "KIA": 1486.3611487197204,
  "삼성": 1522.0662451776493,
  "롯데": 1464.0315907870247,
  "NC": 1488.800436661654,
  "두산": 1479.9654354252364,
  "한화": 1497.4234103547324,
  "Heroes": 1453.6574071272955
}